metricName,trainValue,valValue,testValue
accuracy,0.9954421148587056,0.7551020408163265,0.7436974789915967
macroPrecision,0.9962100024382199,0.7116272518904098,0.750084175084175
macroRecall,0.9966243122717943,0.7337338867720643,0.7502184813556978
macroF1,0.9964084547976406,0.7184236562360974,0.7496124534684596
weightedF1,0.9954456493119352,0.75889613974212,0.7431007515002563
